Date,Time,Cloud,Wind,Temperature,Transect_name,Latitude,Longitude,Altitude,PD,Angle,Species,Species,Male,Female,Young,Group_size,Transect_distance,Habitat,Vigilant,Passing through
5/28/2024,14:55:29,Cloud <50%,Slight breeze,Temperature,Test,-1.05687669,35.23427056,1683.357666,,,,,,,,,,,,
5/25/2024,06:07:41,Cloudy,Windy,Temperature,Test,-1.07604987,35.2850749,1803.487793,100,45,,Bat-eared Fox,,,,4,,Open shrub,,
5/25/2024,06:57:45,Cloudy,Windy,Temperature,Test,-1.07346325,35.26322252,1754.417725,50,90,Impala,,,,,32,,Open shrub,,
5/25/2024,06:59:53,Cloudy,Windy,Temperature,Test,-1.0735926,35.26333205,1701.491699,0,0,,Hippopotamous,,,,1,,Wetland,,
5/25/2024,07:01:06,Cloudy,Windy,Temperature,Test,-1.07347306,35.26325783,1719.576172,100,45,,Elephant,,,,1,,Open shrub,,True
5/25/2024,07:01:19,Cloudy,Windy,Temperature,Test,-1.07354645,35.26329717,1738.770264,,,,,,,,,,,,
5/25/2024,07:02:46,Cloudy,Windy,Temperature,Test,-1.07347368,35.26317894,1732.799316,100,45,,Elephant,,,,1,,Open shrub,,True
5/25/2024,07:04:17,Cloudy,Windy,Temperature,Test,-1.07350486,35.26330451,1729.537842,0,0,,Hippopotamous,,,,1,,Wetland,,
5/25/2024,07:05:38,Cloudy,Windy,Temperature,Test,-1.07350835,35.26334553,1730.109863,50,90,,Impala,,,,32,,Open shrub,,
5/25/2024,07:11:55,Cloudy,Windy,Temperature,Test,-1.07352938,35.26328316,1730.77417,110,90,,Impala,,,,32,,Open shrub,,
5/25/2024,07:12:22,Cloudy,Windy,Temperature,Test,-1.07343492,35.26321592,1744.882324,0,0,,Hippopotamous,,,,1,,River,,
5/25/2024,07:18:57,Cloudy,Windy,Temperature,Test,-1.07351389,35.26329907,1770.900391,0,0,,Hippopotamous,,,,1,,Wetland,,
5/25/2024,07:19:51,Cloudy,Windy,Temperature,Test,-1.0735215,35.26329138,1739.004883,100,90,,Impala,,,,32,,Open shrub,,
5/25/2024,07:24:30,Cloudy,Windy,Temperature,Test,-1.07354704,35.26325187,1743.511719,0,0,,Hippopotamous,,,,1,,Wetland,,
5/25/2024,07:24:57,Cloudy,Windy,Temperature,Test,-1.07352701,35.26327862,1740.612305,100,90,,Impala,,,,32,,Open shrub,,
5/25/2024,07:25:37,Cloudy,Windy,Temperature,Test,-1.07361587,35.26311366,1709.472168,150,45,,Elephant,,,,5,,Open shrub,,
5/25/2024,07:30:33,Cloudy,Windy,Temperature,Test,-1.07356825,35.26327449,1752.285156,200,60,,Buffalo,,,,2,,Open shrub,,
5/25/2024,07:31:08,Cloudy,Windy,Temperature,Test,-1.07350902,35.26327988,1730.952148,150,45,,Elephant,,,,5,,Wetland,,
5/25/2024,07:31:32,Cloudy,Windy,Temperature,Test,-1.07351136,35.26327036,1730.571777,0,0,,Hippopotamous,,,,1,,Wetland,,
5/25/2024,07:32:05,Cloudy,Windy,Temperature,Test,-1.07351875,35.26327581,1730.316895,90,90,,Impala,,,,32,,Open shrub,,
5/25/2024,07:40:33,Cloudy,Windy,Temperature,Test,-1.07342646,35.26321574,1747.239746,0,0,,Hippopotamous,,,,1,,Wetland,,
5/25/2024,07:40:57,Cloudy,Windy,Temperature,Test,-1.07348589,35.26327399,1744.332031,100,90,,Impala,,,,32,,Dense shrub,,
5/25/2024,07:41:22,Cloudy,Windy,Temperature,Test,-1.07347813,35.26326898,1742.803955,150,45,,Elephant,,,,5,,Wetland,,
5/25/2024,07:41:53,Cloudy,Windy,Temperature,Test,-1.07348986,35.26327253,1741.332031,200,60,,Buffalo,,,,2,,Open shrub,,
5/25/2024,07:51:45,Cloudy,Windy,Temperature,Test,-1.07353419,35.26329521,1738.523438,0,0,,Hippopotamous,,,,1,,Wetland,,
5/25/2024,07:53:28,Cloudy,Windy,Temperature,Test,-1.0734875,35.26324482,1734.285156,200,60,,Buffalo,,,,2,,Open shrub,,
5/25/2024,07:54:16,Cloudy,Windy,Temperature,Test,-1.07352164,35.26327254,1735.251709,150,45,,Elephant,,,,5,,Wetland,,
5/25/2024,07:54:58,Cloudy,Windy,Temperature,Test,-1.07352976,35.26327081,1736.595703,100,90,,Impala,,,,32,,Open shrub,,
5/25/2024,08:01:18,Cloudy,Windy,Temperature,Test,-1.07354493,35.26330827,1725.860596,200,60,,Buffalo,,,,2,,Open shrub,,
5/25/2024,08:01:48,Cloudy,Windy,Temperature,Test,-1.07352408,35.26327482,1739.261719,150,45,,Elephant,,,,5,,Wetland,,
5/25/2024,08:02:14,Cloudy,Windy,Temperature,Test,-1.07352668,35.26327871,1737.062012,100,90,,Impala,,,,32,,Open shrub,,
5/25/2024,08:02:44,Cloudy,Windy,Temperature,Test,-1.07351808,35.26327421,1740.164307,0,0,,Hippopotamous,,,,1,,Wetland,,
5/25/2024,08:10:45,Cloudy,Windy,Temperature,Test,-1.07354791,35.26323667,1746.335449,200,60,,Buffalo,,,,2,,Dense shrub,,
5/25/2024,08:11:09,Cloudy,Windy,Temperature,Test,-1.07350272,35.26327855,1733.933838,150,45,,Elephant,,,,5,,Wetland,,
5/25/2024,08:11:25,Cloudy,Windy,Temperature,Test,-1.07350804,35.26327806,1734.532471,0,0,,Hippopotamous,,,,1,,Wetland,,
5/25/2024,08:11:45,Cloudy,Windy,Temperature,Test,-1.07345325,35.26315939,1726.946289,100,90,,Impala,,,,32,,Open shrub,,
5/25/2024,08:21:31,Cloudy,Windy,Temperature,Test,-1.07349753,35.2632695,1748.134033,100,90,Impala,,,,,32,,Open shrub,,
5/25/2024,08:21:57,Cloudy,Windy,Temperature,Test,-1.07351137,35.26328097,1729.150391,200,55,,Buffalo,,,,2,,Open shrub,,
5/25/2024,08:22:17,Cloudy,Windy,Temperature,Test,-1.07350519,35.26322134,1739.220947,150,45,,Elephant,,,,5,,Wetland,,
5/25/2024,08:22:46,Cloudy,Windy,Temperature,Test,-1.07354292,35.26325774,1738.090332,0,0,,Hippopotamous,,,,1,,Wetland,,
5/25/2024,08:31:22,Cloudy,Windy,Temperature,Test,-1.07356571,35.26328248,1718.568848,100,80,Impala,,,,,32,,Open shrub,,
5/25/2024,08:31:58,Cloudy,Windy,Temperature,Test,-1.07351375,35.26328136,1741.179688,150,45,,Elephant,,,,5,,Wetland,,
5/25/2024,08:32:22,Cloudy,Windy,Temperature,Test,-1.07351867,35.26329668,1739.528564,0,0,,Hippopotamous,,,,1,,Wetland,,
5/25/2024,08:32:59,Cloudy,Windy,Temperature,Test,-1.0734062,35.26318639,1744.318848,50,45,Olive Baboon,,,,,50,,Open shrub,,True
5/25/2024,08:33:40,Cloudy,Windy,Temperature,Test,-1.07349798,35.26325615,1736.410645,200,55,,Buffalo,,,,2,,Open shrub,,
5/25/2024,08:40:39,Cloudy,Windy,Temperature,Test,-1.0735606,35.26328531,1730.02832,100,80,Impala,,,,,32,,Open shrub,,
5/25/2024,08:41:06,Cloudy,Windy,Temperature,Test,-1.07351697,35.26324853,1737.643555,100,45,Olive Baboon,,,,,55,,Open shrub,,True
5/25/2024,08:41:28,Cloudy,Windy,Temperature,Test,-1.07352334,35.26326831,1735.118652,200,55,Buffalo,,,,,2,,Open shrub,,
5/25/2024,08:41:59,Cloudy,Windy,Temperature,Test,-1.07352154,35.2632718,1735.86377,150,45,,Elephant,,,,5,,Wetland,,
5/25/2024,08:42:24,Cloudy,Windy,Temperature,Test,-1.07352234,35.26327157,1734.860352,0,0,,Hippopotamous,,,,1,,Wetland,,
5/25/2024,08:50:23,Cloudy,Windy,Temperature,Test,-1.07348824,35.2631976,1739.547852,120,80,Impala,,,,,32,,Open shrub,,
5/25/2024,08:51:03,Cloudy,Windy,Temperature,Test,-1.07352053,35.26327323,1733.804688,150,45,Olive Baboon,,,,,55,,Open shrub,,True
5/25/2024,08:51:27,Cloudy,Windy,Temperature,Test,-1.07352778,35.26327787,1737.734863,200,55,Buffalo,,,,,2,,Open shrub,,
5/25/2024,08:51:49,Cloudy,Windy,Temperature,Test,-1.0735342,35.26327677,1736.874512,150,45,,Elephant,,,,5,,Wetland,,
5/25/2024,08:52:15,Cloudy,Windy,Temperature,Test,-1.07353043,35.2632766,1735.500244,0,0,,Hippopotamous,,,,1,,Wetland,,
5/25/2024,09:00:28,Cloudy,Windy,Temperature,Test,-1.07356534,35.26325392,1726.334473,150,45,,Elephant,,,,5,,Open shrub,,
5/25/2024,09:01:00,Cloudy,Windy,Temperature,Test,-1.07354668,35.26329861,1748.764648,40,30,Impala,,,,,32,,Open shrub,,
5/25/2024,09:01:46,Cloudy,Windy,Temperature,Test,-1.07351322,35.26324856,1712.47168,45,45,Olive Baboon,,,,,50,,Open shrub,,True
5/25/2024,09:02:08,Cloudy,Windy,Temperature,Test,-1.07354025,35.26328376,1734.472656,0,0,,Hippopotamous,,,,1,,Wetland,,
5/25/2024,09:10:52,Cloudy,Windy,Temperature,Test,-1.07352699,35.26328989,1748.243896,40,25,Impala,,,,,32,,Open shrub,,
5/25/2024,09:11:21,Cloudy,Windy,Temperature,Test,-1.07351716,35.26327775,1739.413574,150,45,Olive Baboon,,,,,55,,Open shrub,,True
5/25/2024,09:11:43,Cloudy,Windy,Temperature,Test,-1.07347861,35.26322274,1726.256348,0,0,,Hippopotamous,,,,1,,Wetland,,
5/25/2024,09:12:07,Cloudy,Windy,Temperature,Test,-1.07350531,35.26327935,1728.902832,150,45,,Elephant,,,,5,,Wetland,,
5/25/2024,09:12:39,Cloudy,Windy,Temperature,Test,-1.07351243,35.26327365,1737.073242,100,55,Impala,,,,,10,,Open shrub,,True
5/25/2024,09:21:37,Cloudy,Windy,Temperature,Test,-1.07352394,35.26328972,1732.665039,40,25,Impala,,,,,32,,Open shrub,,
5/25/2024,09:22:01,Cloudy,Windy,Temperature,Test,-1.07350668,35.26341171,1731.481445,100,55,Impala,,,,,10,,Open shrub,,
5/25/2024,09:22:25,Cloudy,Windy,Temperature,Test,-1.07352883,35.26330584,1733.875977,150,45,,Elephant,,,,5,,Wetland,,
5/25/2024,09:22:49,Cloudy,Windy,Temperature,Test,-1.07352071,35.2632766,1737.661865,0,0,,Hippopotamous,,,,1,,Wetland,,
5/25/2024,09:23:27,Cloudy,Windy,Temperature,Test,-1.07351579,35.26328004,1736.934326,150,45,Olive Baboon,,,,,55,,Open shrub,,True
5/25/2024,09:24:02,Cloudy,Windy,Temperature,Test,-1.07351692,35.2632783,1737.185059,150,45,,Impala,,,,20,,Open shrub,,
5/25/2024,09:32:17,Cloudy,Windy,Temperature,Test,-1.07370349,35.26332494,1738.291504,40,25,Impala,,,,,32,,Open shrub,,
5/25/2024,09:33:56,Cloudy,Windy,Temperature,Test,-1.07354514,35.26327204,1738.399902,150,45,,Elephant,,,,5,,Wetland,,
5/25/2024,09:34:35,Cloudy,Windy,Temperature,Test,-1.07353573,35.26327165,1738.514404,150,45,Olive Baboon,,,,,20,,Open shrub,,True
5/25/2024,09:35:01,Cloudy,Windy,Temperature,Test,-1.07353638,35.26326612,1739.169922,0,0,,Hippopotamous,,,,1,,Wetland,,
5/25/2024,09:35:39,Cloudy,Windy,Temperature,Test,-1.07353641,35.26326965,1738.880371,55,45,Impala,,,,,20,,Open shrub,,
5/25/2024,09:40:48,Cloudy,Windy,Temperature,Test,-1.07360162,35.26333377,1739.119873,40,25,Impala,,,,,32,,Open shrub,,
5/25/2024,09:41:10,Cloudy,Windy,Temperature,Test,-1.07353764,35.26330062,1733.502686,55,45,Impala,,,,,20,,Open shrub,,
5/25/2024,09:41:36,Cloudy,Windy,Temperature,Test,-1.07341745,35.26336458,1749.368896,0,0,,Hippopotamous,,,,1,,Wetland,,
5/25/2024,09:42:06,Cloudy,Windy,Temperature,Test,-1.07350991,35.26331845,1739.973145,150,45,,Elephant,,,,5,,Wetland,,
5/25/2024,09:50:58,Cloudy,Windy,Temperature,Test,-1.07359122,35.26328949,1740.146484,40,25,Impala,,,,,32,,Open shrub,,
5/25/2024,09:51:17,Cloudy,Windy,Temperature,Test,-1.07355282,35.26328299,1743.959961,55,45,Impala,,,,,20,,Open shrub,,
5/25/2024,09:51:45,Cloudy,Windy,Temperature,Test,-1.07354834,35.26328337,1744.842773,150,45,,Elephant,,,,5,,Wetland,,
5/25/2024,09:52:09,Cloudy,Windy,Temperature,Test,-1.07354768,35.26328553,1744.115234,0,0,,Hippopotamous,,,,1,,Wetland,,
5/25/2024,09:52:57,Cloudy,Windy,Temperature,Test,-1.07354746,35.26328444,1743.371094,100,10,Warthog,,,,,5,,Open shrub,,True
5/25/2024,09:59:03,Cloudy,Windy,Temperature,Test,-1.07356892,35.26328954,1731.163818,40,25,Impala,,,,,32,,Open shrub,,
5/25/2024,09:59:27,Cloudy,Windy,Temperature,Test,-1.07353916,35.26326094,1745.907227,150,45,,Elephant,,,,5,,Wetland,,
5/25/2024,09:59:51,Cloudy,Windy,Temperature,Test,-1.07353414,35.26325368,1744.088379,55,45,Impala,,,,,20,,Open shrub,,
5/25/2024,10:00:26,Cloudy,Windy,Temperature,Test,-1.07353554,35.26325988,1741.736084,0,0,,Hippopotamous,,,,1,,Wetland,,
5/25/2024,10:00:39,Cloudy,Windy,Temperature,Test,-1.07353263,35.2632668,1741.188477,,,,,,,,,,,,
5/24/2024,14:10:32,Cloud <50%,Still,Temperature,Test,-1.07354366,35.26320982,1743.299805,1,1,Eland,,1,,,1,,Open shrub,,
5/24/2024,14:12:19,Cloud <50%,Still,Temperature,Test,-1.07358774,35.26328089,1728.668457,0,10,,Hippopotamous,,,,3,,Open shrub,,
5/24/2024,14:13:59,Cloud <50%,Still,Temperature,Test,-1.07362265,35.26327607,1735.453369,190,23,,Elephant,1,1,,2,,Open shrub,,True
5/24/2024,14:19:13,Cloud <50%,Still,Temperature,Test,-1.07357087,35.26328532,1723.037842,25,90,Warthog,,,,,3,,Open shrub,,True
5/24/2024,14:21:06,Cloud <50%,Still,Temperature,Test,-1.07361313,35.26342363,1721.896973,50,45,Zebra,,1,3,1,5,,Open shrub,,
5/24/2024,14:24:33,Cloud <50%,Still,Temperature,Test,-1.07354971,35.26328149,1738.095703,150,90,Impala,,1,,,58,,Open shrub,,
5/24/2024,14:28:49,Cloud <50%,Still,Temperature,Test,-1.07352723,35.26324899,1746.342773,450,90,,Elephant,,,,3,,Open shrub,,
5/24/2024,14:32:52,Cloud <50%,Still,Temperature,Test,-1.07357448,35.26322488,1733.441895,350,45,Wildebeest,,1,,,1,,Open shrub,,
5/24/2024,14:42:30,Cloud <50%,Still,Temperature,Test,-1.07358397,35.2632678,1736.442627,125,45,,Hippopotamous,,,,4,,Wetland,,
5/24/2024,14:48:56,Cloud <50%,Still,Temperature,Test,-1.07359594,35.26326935,1739.310059,0,0,Nothing Observed,,,,,2,,Unknown,,
5/24/2024,14:52:24,Cloud <50%,Still,Temperature,Test,-1.07362258,35.26332178,1740.214355,120,90,Impala,,,,,60,,Open shrub,,True
5/24/2024,14:55:29,Cloud <50%,Still,Temperature,Test,-1.07352175,35.26328549,1720.01709,450,90,,Elephant,1,,,1,,Open shrub,,
5/24/2024,14:59:45,Cloud <50%,Still,Temperature,Test,-1.07362585,35.26323212,1731.983887,250,90,Zebra,,,,,6,,Open shrub,,
5/24/2024,15:01:51,Cloud <50%,Still,Temperature,Test,-1.07360135,35.26320322,1734.150879,180,90,Zebra,,,,,6,,Open shrub,,
5/24/2024,15:05:13,Cloud <50%,Still,Temperature,Test,-1.07358673,35.26327483,1741.120605,12,0,Giraffe,,2,,,2,,Open shrub,,
5/24/2024,15:10:57,Cloud <50%,Still,Temperature,Test,-1.0736093,35.26323994,1732.802246,100,35,Zebra,,2,3,,2,,Open shrub,,
5/24/2024,15:19:07,Cloud <50%,Still,Temperature,Test,-1.0736205,35.2632432,1742.179199,100,63,Impala,,,,,10,,Open shrub,,
5/24/2024,15:22:31,Cloud <50%,Still,Temperature,Test,-1.07361546,35.26326082,1754.859863,100,56,Warthog,,,,,5,,Open shrub,,
5/24/2024,15:26:36,Cloud <50%,Still,Temperature,Test,-1.07353155,35.26334283,1734.301758,12,12,Impala,,1,2,2,6,,Dense lowland forest,,
5/24/2024,15:30:38,Cloud <50%,Still,Temperature,Test,-1.07360588,35.26328887,1734.342041,12,12,Zebra,,1,,,1,,Disturbed areas,,True
5/24/2024,15:31:53,Cloud <50%,Still,Temperature,Test,-1.07353408,35.26325916,1705.571289,120,1,Buffalo,,1,,,1,,Dense shrub,,
5/24/2024,15:37:37,Cloud <50%,Still,Temperature,Test,-1.07359724,35.26319277,1716.283691,0,0,Nothing Observed,,,,,26,,Open shrub,,True
5/24/2024,15:39:35,Cloud <50%,Still,Temperature,Test,-1.07359925,35.26322512,1722.633789,12,60,Nothing Observed,,,,,2,,Open shrub,,
5/24/2024,15:42:47,Cloud <50%,Still,Temperature,Test,-1.07362792,35.263241,1732.86499,100,23,Giraffe,,,,,5,,Open shrub,,True
5/24/2024,15:44:48,Cloud <50%,Still,Temperature,Test,-1.07356365,35.26315652,1725.922363,150,25,Zebra,,,,,10,,Open shrub,,True
5/24/2024,15:55:09,Cloud <50%,Still,Temperature,Test,-1.07359471,35.26326255,1737.757813,100,56,Buffalo,,,,,2,,Open shrub,,True
5/24/2024,16:04:46,Cloud <50%,Still,Temperature,Test,-1.07361196,35.26322224,1743.214844,100,56,Buffalo,,2,,,2,,Open shrub,,
5/24/2024,16:05:43,Cloud <50%,Still,Temperature,Test,-1.07361772,35.26326532,1741.437012,150,25,Eland,,,,,5,,Open shrub,,True
5/24/2024,16:11:04,Cloud <50%,Still,Temperature,Test,-1.07365304,35.26324828,1728.755371,120,56,Zebra,,,,,7,,Open shrub,,
5/24/2024,16:15:48,Cloud <50%,Still,Temperature,Test,-1.07369209,35.2632589,1742.189453,26,10,Nothing Observed,,,,,120,,Disturbed areas,,
5/24/2024,16:20:04,Cloud <50%,Still,Temperature,Test,-1.07361123,35.26329034,1744.135254,0,21,Nothing Observed,,1,1,1,26,,Wetland,,
5/24/2024,16:26:02,Cloud <50%,Still,Temperature,Test,-1.07356947,35.26322651,1734.999512,26,16,Buffalo,,3,,,3,,Disturbed areas,,
5/24/2024,16:32:21,Cloud <50%,Still,Temperature,Test,-1.07351525,35.26329862,1737.75,26,24,Nothing Observed,,,,,23,,Grassland,,
5/24/2024,16:37:17,Cloud <50%,Still,Temperature,Test,-1.07359403,35.26331441,1722.172363,150,90,,Buffalo,3,,,3,,Open shrub,,
5/24/2024,16:38:13,Cloud <50%,Still,Temperature,Test,-1.07361468,35.2632984,1726.79834,120,90,Warthog,,,,,7,,Open shrub,,
5/24/2024,16:40:17,Cloud <50%,Still,Temperature,Test,-1.07362563,35.26325542,1753.968018,30,45,Zebra,,2,,,2,,Open shrub,,True
5/24/2024,16:44:06,Cloud <50%,Still,Temperature,Test,-1.073527,35.26326895,1737.139404,35,90,Giraffe,,,,,6,,Open shrub,,True
5/24/2024,16:47:41,Cloud <50%,Still,Temperature,Test,-1.07354234,35.26327776,1737.182617,35,90,,,1,1,,2,,Grassland,,
5/24/2024,16:49:04,Cloud <50%,Still,Temperature,Test,-1.0736207,35.26336761,1730.492432,30,45,,Banded Mongoose,,,,45,,Open shrub,,True
5/24/2024,16:50:24,Cloud <50%,Still,Temperature,Test,-1.07348867,35.26324571,1750.247559,30,45,,Buffalo,3,,,3,,Open shrub,,True
5/24/2024,16:53:28,Cloud <50%,Still,Temperature,Test,-1.07348218,35.26311227,1732.424316,30,90,Grant's Gazelle,,,,,3,,Open shrub,,True
5/24/2024,16:55:39,Cloud <50%,Still,Temperature,Test,-1.07357072,35.26329796,1711.313965,30,90,,Elephant,,,,3,,Wetland,,True
5/24/2024,16:58:10,Cloud <50%,Still,Temperature,Test,-1.07357192,35.26327672,1734.586914,30,90,Wildebeest,,,,,5,,Open shrub,,True
5/24/2024,17:00:18,Cloud <50%,Still,Temperature,Test,-1.07357529,35.26326114,1742.675293,30,45,Vervet Monkey,,,,,45,,Grassland,,True
5/24/2024,17:01:51,Cloud <50%,Still,Temperature,Test,-1.07355893,35.26333597,1749.990234,30,90,Giraffe,,,,,2,,Open shrub,,True
5/24/2024,17:03:27,Cloud <50%,Still,Temperature,Test,-1.07356534,35.26333024,1730.941406,,,,,,,,,50,,,
5/24/2024,16:22:37,Cloud <50%,Slight breeze,Temperature,Test,-1.03198692,35.28981845,1708.330078,,,,,,,,,,,,
5/24/2024,16:26:13,Cloud <50%,Slight breeze,Temperature,Test,-1.03200226,35.28984426,1707.653809,,,,,,,,,,,,
5/24/2024,16:26:18,Cloudy,Windy,Temperature,Test,-0.93886688,35.42139435,1818.385742,,,,,,,,,,,,
5/20/2024,07:19:37,Overcast,Slight breeze,Temperature,T4,-1.06798574,35.24577772,1680.460205,,,,,,,,,,,,
5/20/2024,07:34:38,Overcast,Slight breeze,Temperature,T4,-1.07256739,35.25648833,1717.145752,66,90,,Thomson's Gazelle,1,,,1,,Grassland,,
5/20/2024,07:39:36,Overcast,Slight breeze,Temperature,T4,-1.07096951,35.26379166,1727.244141,171,90,Impala,,1,,,19,,Grassland,,
5/20/2024,07:42:25,Overcast,Slight breeze,Temperature,T4,-1.07021429,35.26554094,1719.816406,229,90,Giraffe,,1,,,1,,Grassland,True,
5/20/2024,07:53:44,Overcast,Slight breeze,Temperature,T4,-1.06352277,35.26528757,1733.000977,,,,,,,,,3.81,,,
5/20/2024,07:59:09,Overcast,Slight breeze,Temperature,T5,-1.06094891,35.26134087,1696.027588,,,,,,,,,,,,
5/20/2024,08:02:12,Overcast,Slight breeze,Temperature,T5,-1.06151472,35.26135585,1724.247314,243,90,Zebra,,,,,5,,Grassland,,
5/20/2024,08:02:49,Overcast,Slight breeze,Temperature,T5,-1.06155878,35.26132204,1719.526611,243,90,Warthog,,1,,,1,,Grassland,,
5/20/2024,08:03:27,Overcast,Slight breeze,Temperature,T5,-1.06154823,35.26133291,1720.74707,243,90,Wildebeest,,1,,,1,,Grassland,,
5/20/2024,08:04:15,Overcast,Slight breeze,Temperature,T5,-1.06154891,35.26133344,1721.855957,243,90,Impala,,2,30,,32,,Grassland,,
5/20/2024,08:05:58,Overcast,Slight breeze,Temperature,T5,-1.06294649,35.26182148,1719.067871,47,-90,Warthog,,,,,8,,Open shrub,,
5/20/2024,08:07:11,Overcast,Slight breeze,Temperature,T5,-1.0629432,35.26194322,1700.625,120,-90,Zebra,,,,,4,,Grassland,,
5/20/2024,08:10:07,Overcast,Slight breeze,Temperature,T5,-1.06671152,35.26093845,1706.528809,43,90,Warthog,,2,,,2,,Open shrub,,
5/20/2024,08:12:57,Overcast,Slight breeze,Temperature,T5,-1.07071042,35.26049569,1705.597168,123,-90,Impala,,,,,19,,Open shrub,True,
5/20/2024,08:14:15,Overcast,Slight breeze,Temperature,T5,-1.07073727,35.26051484,1734.057617,420,-90,Impala,,3,,,20,,Open shrub,,
5/20/2024,08:16:51,Overcast,Slight breeze,Temperature,T5,-1.07198474,35.25837501,1711.482666,105,-90,Impala,,1,5,,6,,Open shrub,True,
5/20/2024,08:18:55,Overcast,Slight breeze,Temperature,T5,-1.07326912,35.25699013,1706.63623,17,90,Thomson's Gazelle,,1,,,1,,Grassland,,
5/20/2024,08:20:15,Overcast,Slight breeze,Temperature,T5,-1.0732066,35.25693087,1734.729492,0,0,,Black-backed Jackal,,,,1,,Open shrub,,True
5/20/2024,08:23:00,Overcast,Slight breeze,Temperature,T5,-1.0754402,35.2551813,1729.576172,25,90,Warthog,,,2,,2,,Open shrub,,True
5/20/2024,08:23:56,Overcast,Slight breeze,Temperature,T5,-1.07542556,35.25517728,1729.990723,33,90,Impala,,,2,,2,,Open shrub,,
5/20/2024,08:25:11,Overcast,Slight breeze,Temperature,T5,-1.07574718,35.25505107,1730.366699,320,90,Impala,,,,,13,,Open shrub,,
5/20/2024,08:25:57,Overcast,Slight breeze,Temperature,T5,-1.07576325,35.25503458,1731.035645,90,90,Giraffe,,1,,,1,,Open shrub,,
5/20/2024,08:26:40,Overcast,Slight breeze,Temperature,T5,-1.07576571,35.25503602,1731.732422,320,90,Wildebeest,,1,,,1,,Grassland,,
5/20/2024,08:29:11,Overcast,Slight breeze,Temperature,T5,-1.07833398,35.253845,1757.382324,88,90,Impala,,,,,4,,Grassland,,
5/20/2024,08:31:49,Overcast,Slight breeze,Temperature,T5,-1.07993938,35.25322398,1748.666992,43,90,Warthog,,,3,4,7,,Open shrub,,
5/20/2024,08:33:47,Overcast,Slight breeze,Temperature,T5,-1.08177942,35.25237952,1746.140869,123,90,Wildebeest,,,,,5,,Grassland,,
5/20/2024,08:34:15,Overcast,Slight breeze,Temperature,T5,-1.08180633,35.25235663,1744.438477,108,90,Thomson's Gazelle,,,,,11,,Grassland,,
5/20/2024,08:35:41,Overcast,Slight breeze,Temperature,T5,-1.08265186,35.25191785,1740.533203,105,90,Warthog,,,,,11,,Grassland,,
5/20/2024,08:37:12,Overcast,Slight breeze,Temperature,T5,-1.08330181,35.25204783,1741.246094,80,90,Impala,,14,,,14,,Wetland,,
5/20/2024,08:37:55,Overcast,Slight breeze,Temperature,T5,-1.08332866,35.2519499,1737.848633,210,90,Thomson's Gazelle,,,,,5,,Wetland,,
5/20/2024,08:38:54,Overcast,Slight breeze,Temperature,T5,-1.08331563,35.25197036,1740.376221,210,90,Warthog,,,,,4,,Grassland,,
5/20/2024,08:42:37,Overcast,Slight breeze,Temperature,T5,-1.08706137,35.24978833,1755.693604,,,,,,,,,3.61,,,
5/11/2024,07:28:29,Clear,Slight breeze,Temperature,T2,-1.066714617,35.23751255,1696.198,,,,,,,,,,,,
5/11/2024,07:44:48,Clear,Slight breeze,Temperature,T2,-1.065192833,35.25152998,1700.511,102,90,,Waterbuck,1,1,1,3,,Wetland,,
5/11/2024,07:50:49,Clear,Slight breeze,Temperature,T2,-1.06349175,35.25291217,1673.481,78,-90,,Impala,1,12,1,14,,Open shrub,,
5/11/2024,07:51:23,Clear,Slight breeze,Temperature,T2,-1.06353245,35.25291262,1674.982,78,-90,,Zebra,,,,1,,Open shrub,,
5/11/2024,07:54:38,Clear,Slight breeze,Temperature,T2,-1.0633751,35.25350645,1715.242,96,-90,,Zebra,1,2,,3,,Open shrub,,
5/11/2024,07:55:55,Clear,Slight breeze,Temperature,T2,-1.063365783,35.25350458,1714.585,74,-90,,Warthog,1,4,,5,,Open shrub,,
5/11/2024,07:56:41,Clear,Slight breeze,Temperature,T2,-1.06337795,35.25348892,1712.649,97,-90,,Wildebeest,1,,,1,,Open shrub,,
5/11/2024,07:57:59,Clear,Slight breeze,Temperature,T2,-1.063378733,35.25349595,1714.19,149,-90,,Thomson's Gazelle,,3,,3,,Open shrub,,
5/11/2024,08:00:26,Clear,Slight breeze,Temperature,T2,-1.062793833,35.25540662,1729.645,81,-90,,Wildebeest,1,,,1,,Open shrub,True,
5/11/2024,08:01:10,Clear,Slight breeze,Temperature,T2,-1.062735867,35.25542458,1730.588,78,-90,,Warthog,,1,3,4,,Open shrub,,
5/11/2024,08:03:16,Clear,Slight breeze,Temperature,T2,-1.062729533,35.25543072,1731.237,101,-90,,Warthog,,1,3,4,,Open shrub,,
5/11/2024,08:06:46,Clear,Slight breeze,Temperature,T2,-1.061775083,35.25900165,1723.711,115,-90,,Zebra,2,7,,9,,Open shrub,,
5/11/2024,08:08:14,Clear,Slight breeze,Temperature,T2,-1.061910017,35.25938092,1730.711,88,90,,Impala,1,15,1,17,,Open shrub,,
5/11/2024,08:09:57,Clear,Slight breeze,Temperature,T2,-1.062151067,35.26075907,1755.507,30,90,,Warthog,1,5,,6,,Open shrub,,
5/11/2024,08:14:47,Clear,Slight breeze,Temperature,T2,-1.06357955,35.26533253,1736.918,28,-90,,Warthog,3,5,10,18,,Open shrub,,
5/11/2024,08:21:04,Clear,Slight breeze,Temperature,T2,-1.06418615,35.26664892,1740.157,270,90,,Giraffe,2,1,,3,,Dense shrub,,
5/11/2024,08:21:58,Clear,Slight breeze,Temperature,T2,-1.064137767,35.26667268,1741.313,512,90,,Elephant,1,,,1,,Dense shrub,,True
5/11/2024,08:23:16,Clear,Slight breeze,Temperature,T2,-1.064152667,35.26670515,1740.386,10,90,,Warthog,,,,3,,Open shrub,,
5/11/2024,08:25:17,Clear,Slight breeze,Temperature,T2,-1.064159333,35.2667078,1739.925,776,90,,Impala,1,,,35,,Wetland,,
5/11/2024,08:25:57,Clear,Slight breeze,Temperature,T2,-1.064184317,35.26672088,1738.005,741,90,,Waterbuck,,2,,2,,Wetland,,
5/11/2024,08:45:48,Clear,Slight breeze,Temperature,T2,-1.07276055,35.27899013,1750.163,15,-90,,Kirk's Dik-dik,,1,,1,,Dense shrub,True,
5/11/2024,08:50:17,Clear,Slight breeze,Temperature,T2,-1.07466675,35.28091175,1760.25,166,90,,Zebra,1,4,1,6,,Grassland,,
5/11/2024,08:56:58,Clear,Slight breeze,Temperature,T2,-1.079283333,35.28223312,1779.756,50,-90,,Thomson's Gazelle,1,2,,3,,Grassland,,
5/11/2024,09:00:28,Clear,Slight breeze,Temperature,T2,-1.080557033,35.2820455,1791.526,38,-90,,Zebra,2,8,2,12,,Open shrub,,
5/11/2024,09:01:35,Clear,Slight breeze,Temperature,T2,-1.0805578,35.28205532,1790.046,62,-90,,Wildebeest,7,9,,16,,Open shrub,,
5/11/2024,09:02:12,Clear,Slight breeze,Temperature,T2,-1.080546733,35.2820528,1790.016,100,-90,,Eland,1,,,1,,Open shrub,,
5/11/2024,09:02:56,Clear,Slight breeze,Temperature,T2,-1.0805508,35.28204597,1790.4,120,-90,,Warthog,1,,,1,,Open shrub,,
5/11/2024,09:05:27,Clear,Slight breeze,Temperature,T2,-1.080866417,35.2813908,1761.192,150,-90,,Impala,11,,,11,,Open shrub,,
5/11/2024,09:08:29,Clear,Slight breeze,Temperature,T2,-1.08086595,35.28138715,1761.624,40,90,,Impala,18,21,6,45,,Dense shrub,,
5/11/2024,09:10:41,Clear,Slight breeze,Temperature,T2,-1.081913167,35.2802133,1812.669,26,90,,Zebra,9,,,9,,Dense shrub,,
5/11/2024,09:25:53,Clear,Slight breeze,Temperature,T2,-1.090295467,35.2717058,1835.759,43,-90,,Warthog,1,2,4,7,,Dense shrub,,
5/11/2024,09:41:36,Clear,Slight breeze,Temperature,T2,-1.087870717,35.26712595,1828.165,0,0,,Zebra,3,,,3,,Dense shrub,,True
5/11/2024,09:43:46,Clear,Slight breeze,Temperature,T2,-1.0874593,35.26726098,1850.709,35,-90,,Impala,1,3,,4,,Dense shrub,,
5/11/2024,09:47:02,Clear,Slight breeze,Temperature,T2,-1.084631433,35.26805345,1800.455,35,-90,,Warthog,,1,2,3,,Dense shrub,,
5/11/2024,09:57:44,Clear,Slight breeze,Temperature,T2,,,,0,0,,Warthog,,2,1,3,,Open shrub,,
5/11/2024,10:00:29,Clear,Slight breeze,Temperature,T2,-1.074173917,35.2618512,1742.359,70,90,,Impala,17,1,,18,,Grassland,,
5/11/2024,10:01:09,Clear,Slight breeze,Temperature,T2,-1.074155667,35.2618654,1741.687,365,90,Warthog,,1,1,,2,,Open shrub,,
5/11/2024,10:02:30,Clear,Slight breeze,Temperature,T2,-1.074241833,35.26180498,1741.833,320,90,,Zebra,,,,1,,Open shrub,,
5/11/2024,10:04:34,Clear,Slight breeze,Temperature,T2,-1.0728697,35.25987392,1727.246,285,90,,Warthog,1,,,1,,Open shrub,,
5/11/2024,10:05:14,Clear,Slight breeze,Temperature,T2,-1.072618617,35.25936993,1707.265,10,90,,Thomson's Gazelle,1,,,1,,Grassland,,
5/11/2024,10:08:17,Clear,Slight breeze,Temperature,T2,-1.072137483,35.25800115,1728.366,108,-90,,Zebra,,,,7,,Open shrub,,
5/11/2024,10:09:32,Clear,Slight breeze,Temperature,T2,-1.072659867,35.25934913,1708.201,109,-90,,Warthog,1,13,3,15,,Open shrub,,
5/11/2024,10:10:34,Clear,Slight breeze,Temperature,T2,-1.072682033,35.25933183,1709.086,,,,,,,,,12.05,,,
5/9/2024,07:27:06,Cloud <50%,Still,Temperature,T1,-1.06656268,35.2371476,1659.922363,,,,,,,,,,,,
5/9/2024,07:28:21,Cloud <50%,Still,Temperature,T1,-1.06662623,35.2371228,1656.185059,0,0,Vervet Monkey,,2,,,6,,River,,
5/9/2024,07:36:18,Cloud <50%,Still,Temperature,T1,-1.07867578,35.24432753,1706.975098,57,90,,Topi,1,4,,9,,Grassland,,
5/9/2024,07:36:55,Cloud <50%,Still,Temperature,T1,-1.078647,35.24429673,1705.036133,48,90,Wildebeest,,1,,,1,,Grassland,,
5/9/2024,07:37:35,Cloud <50%,Still,Temperature,T1,-1.0786482,35.24429533,1704.88623,58,90,Zebra,,1,5,,6,,Open shrub,,
5/9/2024,07:40:20,Cloud <50%,Still,Temperature,T1,-1.08018425,35.24534828,1712.878662,330,90,Wildebeest,,1,,,1,,Grassland,,
5/9/2024,07:41:51,Cloud <50%,Still,Temperature,T1,-1.08129445,35.24616806,1733.20752,0,0,Grant's Gazelle,,1,13,,14,,Grassland,,
5/9/2024,07:42:53,Cloud <50%,Still,Temperature,T1,-1.08134163,35.24609632,1723.910645,41,-90,Impala,,15,,,15,,Open shrub,,
5/9/2024,07:44:43,Cloud <50%,Still,Temperature,T1,-1.08134772,35.24610192,1714.196289,256,90,Zebra,,3,2,,5,,Grassland,,
5/9/2024,07:45:53,Cloud <50%,Still,Temperature,T1,-1.08214507,35.24665578,1719.913086,114,90,Eland,,1,3,,4,,Grassland,,True
5/9/2024,07:47:40,Cloud <50%,Still,Temperature,T1,-1.08228362,35.24674356,1717.415527,87,90,Wildebeest,,,,8,65,,Grassland,,
5/9/2024,07:48:59,Cloud <50%,Still,Temperature,T1,-1.08328563,35.24735679,1717.919189,43,-90,Warthog,,1,2,4,7,,Open shrub,,
5/9/2024,07:49:44,Cloud <50%,Still,Temperature,T1,-1.08329896,35.24736084,1723.97998,160,-90,Thomson's Gazelle,,,8,,8,,Open shrub,,
5/9/2024,07:53:03,Cloud <50%,Still,Temperature,T1,-1.08806985,35.24941179,1753.028809,357,90,Wildebeest,,,,,15,,Open shrub,,
5/9/2024,07:54:37,Cloud <50%,Still,Temperature,T1,-1.0888566,35.24912716,1763.853516,317,90,Zebra,,,,,5,,Open shrub,,
5/9/2024,07:55:15,Cloud <50%,Still,Temperature,T1,-1.08879724,35.2490516,1748.110352,91,-90,Warthog,,1,,,1,,Open shrub,,
5/9/2024,07:57:05,Cloud <50%,Still,Temperature,T1,-1.08940796,35.24854731,1756.466553,75,90,Impala,,1,41,,42,,Wetland,,
5/9/2024,07:58:42,Cloud <50%,Still,Temperature,T1,-1.08999343,35.24791215,1765.983887,88,-90,Thomson's Gazelle,,,4,1,6,,Open shrub,,
5/9/2024,07:59:57,Cloud <50%,Still,Temperature,T1,-1.08967346,35.24729748,1721.956543,7,-90,Thomson's Gazelle,,,7,,7,,Open shrub,,
5/9/2024,08:00:49,Cloud <50%,Still,Temperature,T1,-1.08959072,35.24710342,1732.366455,0,0,Warthog,,1,2,,3,,Grassland,,
5/9/2024,08:02:38,Cloud <50%,Still,Temperature,T1,-1.08910286,35.24538944,1690.638672,0,0,Wildebeest,,3,16,6,25,,Grassland,,
5/9/2024,08:04:34,Cloud <50%,Still,Temperature,T1,-1.08825754,35.24435454,1725.78125,87,-90,Impala,,1,14,,15,,Grassland,,
5/9/2024,08:05:04,Cloud <50%,Still,Temperature,T1,-1.08823562,35.24434092,1725.210449,87,-90,Impala,,1,,,1,,Grassland,,
5/9/2024,08:05:47,Cloud <50%,Still,Temperature,T1,-1.08786273,35.2441003,1715.147949,45,-90,Warthog,,,,,4,,Grassland,,
5/9/2024,08:09:40,Cloud <50%,Still,Temperature,T1,-1.08553804,35.23986771,1703.130859,54,-90,Wildebeest,,1,,,1,,Grassland,,
5/9/2024,08:10:13,Cloud <50%,Still,Temperature,T1,-1.08556506,35.23986582,1703.682617,0,90,Impala,,4,,,4,,Grassland,,
5/9/2024,08:12:33,Cloud <50%,Still,Temperature,T1,-1.08440183,35.23863952,1701.598633,128,90,Zebra,,,,,28,,Open shrub,,
5/9/2024,08:13:53,Cloud <50%,Still,Temperature,T1,-1.08438879,35.23872082,1693.818848,0,-90,Wildebeest,,,,5,12,,Grassland,,
5/9/2024,08:14:39,Cloud <50%,Still,Temperature,T1,-1.08385533,35.23782815,1695.947266,78,-90,Thomson's Gazelle,,1,,,1,,Open shrub,,
5/9/2024,08:15:12,Cloud <50%,Still,Temperature,T1,-1.08384304,35.23783823,1704.592285,25,-90,Grant's Gazelle,,,2,,2,,Grassland,,
5/9/2024,08:17:31,Cloud <50%,Still,Temperature,T1,-1.082973,35.23634466,1711.479492,141,90,Zebra,,,,,11,,Grassland,,
5/9/2024,08:19:27,Cloud <50%,Still,Temperature,T1,-1.08300024,35.23558763,1752.308838,12,-90,,Black-backed Jackal,1,1,,2,,Grassland,,
5/9/2024,08:24:01,Cloud <50%,Still,Temperature,T1,-1.08162293,35.23129696,1704.875977,0,0,Wildebeest,,1,,,1,,Open shrub,,
5/9/2024,08:32:46,Cloud <50%,Still,Temperature,T1,-1.07757671,35.22414393,1696.41748,56,-90,Warthog,,,3,,3,,Open shrub,,
5/9/2024,08:33:20,Cloud <50%,Still,Temperature,T1,-1.07755141,35.22409294,1678.479004,90,-90,Thomson's Gazelle,,3,,,3,,Grassland,,
5/9/2024,08:37:02,Cloud <50%,Still,Temperature,T1,-1.07492485,35.21916049,1667.63623,,,,,,,,,7.2,,,
4/23/2024,07:29:31,Overcast,Still,Temperature,T3,-1.0680004,35.24585108,1689.333,,,,,,,,,,,,
4/23/2024,07:32:23,Overcast,Still,Temperature,T3,-1.068982233,35.24606797,1697.911,232,-90,Giraffe,,1,,,1,,Open shrub,,
4/23/2024,07:38:21,Overcast,Still,Temperature,T3,-1.072186217,35.25103912,1592.344,15,90,Warthog,,,6,,6,,Grassland,,
4/23/2024,07:43:39,Overcast,Still,Temperature,T3,-1.072440683,35.25586887,1725.475,238,-90,Impala,,1,,,1,,Wetland,,
4/23/2024,07:45:39,Overcast,Still,Temperature,T3,-1.0726721,35.25702717,1717.679,56,-90,,Elephant,1,,,1,,Open shrub,,True
4/23/2024,07:48:26,Overcast,Still,Temperature,T3,-1.07266975,35.25702823,1717.417,0,90,Thomson's Gazelle,,3,,,3,,Open shrub,,
4/23/2024,07:51:32,Overcast,Still,Temperature,T3,-1.070614767,35.26112385,1737.45,315,90,Impala,,5,,,5,,Open shrub,,
4/23/2024,07:54:02,Overcast,Still,Temperature,T3,-1.070916283,35.26350938,1717.697,286,90,Impala,,1,11,,12,,Open shrub,,
4/23/2024,07:54:43,Overcast,Still,Temperature,T3,-1.070895533,35.26345703,1742.222,265,-90,,Elephant,2,,,2,,Open shrub,,
4/23/2024,07:59:22,Overcast,Still,Temperature,T3,-1.071072483,35.26780278,1728.666,,,,,,,,,3.5,,,
4/12/2024,07:38:10,Overcast,Still,Temperature,T5,-1.068013633,35.24579568,1688.574,,,,,,,,,,,,
4/12/2024,07:56:01,Overcast,Still,Temperature,T5,-1.072470867,35.25674125,1716.219,226,-90,Impala,,1,,,1,,Wetland,,
4/12/2024,08:03:51,Overcast,Still,Temperature,T5,-1.07248375,35.2574735,1718.406,440,90,,Lion,,2,4,6,,Dense shrub,,
4/12/2024,08:09:46,Overcast,Still,Temperature,T5,-1.071706333,35.260025,1721.586,211,90,Impala,,,5,,8,,Dense shrub,,
4/12/2024,08:13:05,Overcast,Still,Temperature,T5,-1.07105975,35.26481313,1720.694,25,90,Impala,,1,14,,15,,Grassland,,
4/12/2024,08:13:54,Overcast,Still,Temperature,T5,-1.07098155,35.2648358,1722.997,345,-90,,Waterbuck,,1,,1,,Wetland,,
4/12/2024,08:18:18,Overcast,Still,Temperature,T5,-1.0673467,35.26400937,1734.045,0,0,Giraffe,,1,,,1,,Open shrub,,
4/12/2024,08:23:13,Overcast,Still,Temperature,T5,-1.065692033,35.2646393,1711.976,152,90,Giraffe,,2,,,1,,Open shrub,,
4/12/2024,08:27:15,Overcast,Still,Temperature,T5,-1.063556167,35.2654174,1735.555,109,90,Impala,,5,,,5,,Open shrub,,
4/12/2024,08:28:06,Overcast,Still,Temperature,T5,-1.063553467,35.26538728,1737.056,108,90,Thomson's Gazelle,,3,,,3,,Open shrub,,
4/12/2024,08:28:31,Overcast,Still,Temperature,T5,-1.063552283,35.2653822,1736.124,108,90,Wildebeest,,1,,,1,,Open shrub,,
4/12/2024,08:29:18,Overcast,Still,Temperature,T5,-1.063540067,35.26539788,1735.671,100,90,Warthog,,2,4,3,9,,Open shrub,,
4/12/2024,08:30:04,Overcast,Still,Temperature,T5,-1.063536033,35.26539502,1736.144,,,,,,,,,4,,,
4/12/2024,08:38:48,Overcast,Still,Temperature,T4,-1.060895517,35.26139863,1712.612,,,,,,,,,,,,
4/12/2024,08:41:46,Overcast,Still,Temperature,T4,-1.06214875,35.26157645,1716.912,125,90,Thomson's Gazelle,,1,3,,4,,Open shrub,,
4/12/2024,08:42:11,Overcast,Still,Temperature,T4,-1.062202217,35.26159852,1720.755,125,90,Impala,,12,,,12,,Open shrub,,
4/12/2024,08:43:47,Overcast,Still,Temperature,T4,-1.062895467,35.26191937,1728.962,463,-90,Impala,,5,,,5,,Open shrub,,
4/12/2024,08:44:41,Overcast,Still,Temperature,T4,-1.062892817,35.26191165,1730.169,325,-90,Thomson's Gazelle,,3,,,3,,Open shrub,,
4/12/2024,08:53:45,Overcast,Still,Temperature,T4,-1.072342167,35.25891888,1730.449,88,-90,,Black-backed Jackal,,,,3,,Open shrub,,
4/12/2024,08:54:28,Overcast,Still,Temperature,T4,-1.072340817,35.2589088,1731.031,247,90,Warthog,,1,,,1,,Wetland,,
4/12/2024,08:56:47,Overcast,Still,Temperature,T4,-1.07297085,35.2571951,1729.272,274,90,Impala,,1,,,1,,Wetland,,
4/12/2024,08:59:47,Overcast,Still,Temperature,T4,-1.075760017,35.2549975,1725.193,256,90,Warthog,,,,,6,,Open shrub,,
4/12/2024,09:01:46,Overcast,Still,Temperature,T4,-1.078296467,35.25386613,1745.175,63,-90,Olive Baboon,,2,,,2,,Open shrub,,
4/12/2024,09:02:24,Overcast,Still,Temperature,T4,-1.078651533,35.25375087,1768.586,0,0,Impala,,7,,,7,,Open shrub,,
4/12/2024,09:03:28,Overcast,Still,Temperature,T4,-1.078649417,35.25371195,1768.655,31,90,Warthog,,1,,,1,,Open shrub,,
4/12/2024,09:04:11,Overcast,Still,Temperature,T4,-1.078650733,35.25371037,1767.686,32,90,Thomson's Gazelle,,,11,,11,,Open shrub,,
4/12/2024,09:06:17,Overcast,Still,Temperature,T4,-1.080249333,35.25311303,1705.932,392,90,Impala,,7,,,7,,Open shrub,,
4/12/2024,09:06:44,Overcast,Still,Temperature,T4,-1.0802462,35.25311335,1706.468,256,90,Wildebeest,,1,,,1,,Open shrub,,
4/12/2024,09:07:24,Overcast,Still,Temperature,T4,-1.080238983,35.25309005,1707.843,356,90,Buffalo,,2,,,2,,Open shrub,,
4/12/2024,09:09:45,Overcast,Still,Temperature,T4,-1.08212545,35.25211562,1749.628,526,90,Zebra,,,,,8,,Wetland,,
4/12/2024,09:12:17,Overcast,Still,Temperature,T4,-1.082919617,35.25189865,1751.399,23,90,Warthog,,2,2,,4,,Human settlement,,
4/12/2024,09:14:46,Overcast,Still,Temperature,T4,-1.0869966,35.2498714,1758.765,,,,,,,,,2.5,,,
4/11/2024,07:31:48,Overcast,Still,Temperature,T1,-1.0665761,35.23716283,1657.873,,,,,,,,,,,,
4/11/2024,07:41:05,Overcast,Still,Temperature,T1,-1.078394717,35.24414423,1687.068,68,90,Grant's Gazelle,,1,6,,7,,Grassland,,
4/11/2024,07:44:13,Overcast,Still,Temperature,T1,-1.081634933,35.24630813,1698.799,265,90,Wildebeest,,1,,,1,,Grassland,,
4/11/2024,07:47:16,Overcast,Still,Temperature,T1,-1.0841602,35.24795757,1724.427,77,90,Thomson's Gazelle,,,8,,8,,Grassland,,
4/11/2024,07:48:26,Overcast,Still,Temperature,T1,-1.08414615,35.24793002,1725.22,77,90,,Black-backed Jackal,1,1,,2,,Grassland,,True
4/11/2024,07:49:06,Overcast,Still,Temperature,T1,-1.084145217,35.24794162,1725.738,117,90,Wildebeest,,,,6,36,,Wetland,,
4/11/2024,07:49:55,Overcast,Still,Temperature,T1,-1.084153617,35.24794875,1725.24,223,90,Zebra,,,,,19,,Wetland,,
4/11/2024,07:51:34,Overcast,Still,Temperature,T1,-1.086070883,35.24922083,1739.709,0,0,Cattle,,,,,56,,Open shrub,,
4/11/2024,07:53:17,Overcast,Still,Temperature,T1,-1.0879175,35.24937972,1740.111,99,90,Impala,,5,,,5,,Open shrub,,
4/11/2024,07:54:07,Overcast,Still,Temperature,T1,-1.087933067,35.24950127,1706.113,117,90,Zebra,,,,,6,,Wetland,,
4/11/2024,07:55:36,Overcast,Still,Temperature,T1,-1.087921183,35.24950663,1707.86,1,90,Wildebeest,,1,,,1,,Open shrub,,
4/11/2024,08:00:18,Overcast,Still,Temperature,T1,-1.089428633,35.24684148,1735.428,0,0,Warthog,,,,,3,,Open shrub,,
4/11/2024,08:04:15,Overcast,Still,Temperature,T1,-1.089211967,35.24286085,1713.562,35,-90,Thomson's Gazelle,,1,6,,7,,Dense shrub,,
4/11/2024,08:04:55,Overcast,Still,Temperature,T1,-1.089207417,35.24284965,1714.189,125,90,Wildebeest,,,,,9,,Grassland,,
4/11/2024,08:05:49,Overcast,Still,Temperature,T1,-1.089206017,35.24284392,1714.132,12,90,Wildebeest,,,,,10,,Grassland,,
4/11/2024,08:07:45,Overcast,Still,Temperature,T1,-1.088332283,35.23957122,1706.652,72,90,Wildebeest,,,,18,75,,Grassland,,
4/11/2024,08:08:49,Overcast,Still,Temperature,T1,-1.088343933,35.23948793,1726.641,12,90,Impala,,4,38,5,48,,Grassland,,
4/11/2024,08:18:55,Overcast,Still,Temperature,T1,-1.083006833,35.2285515,1688,56,90,Warthog,,1,,,1,,Open shrub,,
4/11/2024,08:19:43,Overcast,Still,Temperature,T1,-1.083023367,35.22863983,1693.317,65,90,,Topi,1,2,2,6,,Open shrub,,
4/11/2024,08:24:15,Overcast,Still,Temperature,T1,-1.079000817,35.22520592,1690.131,51,90,Giraffe,,3,,,3,,Grassland,,True
4/11/2024,08:25:00,Overcast,Still,Temperature,T1,-1.078851533,35.22510483,1653.021,101,-90,Impala,,,3,,3,,Open shrub,,
4/11/2024,08:27:44,Overcast,Still,Temperature,T1,-1.078234817,35.22338005,1701.44,27,-90,Thomson's Gazelle,,,,,6,,Grassland,,
4/11/2024,08:28:09,Overcast,Still,Temperature,T1,-1.07825835,35.2233839,1698.254,12,-90,Zebra,,,,,3,,Grassland,,
4/11/2024,08:33:45,Overcast,Still,Temperature,T1,-1.0748349,35.21874942,1657.858,,,,,,,,,7.4,,,
2/7/2024,07:24:43,Cloud <50%,Slight breeze,Temperature,T2,-1.06651818,35.23713581,1699.066406,,,,,,,,,,,,
2/7/2024,07:34:41,Cloud <50%,Slight breeze,Temperature,T2,-1.06511629,35.25146329,1694.704102,118,90,,Giraffe,1,,,1,,Open shrub,,
2/7/2024,07:36:58,Cloud <50%,Slight breeze,Temperature,T2,-1.06338583,35.25367504,1682.484863,45,90,,Warthog,1,,,1,,Open shrub,,
2/7/2024,07:38:37,Cloud <50%,Slight breeze,Temperature,T2,-1.06311143,35.25428785,1706.318359,75,90,,Wildebeest,1,,,1,,Grassland,,
2/7/2024,07:39:18,Cloud <50%,Slight breeze,Temperature,T2,-1.06311271,35.25434152,1707.681396,75,90,,Warthog,1,2,,3,,Grassland,,
2/7/2024,07:42:23,Cloud <50%,Slight breeze,Temperature,T2,-1.06269028,35.25643752,1700.411621,17,90,,Impala,3,,,3,,Dense shrub,True,
2/7/2024,07:45:24,Cloud <50%,Slight breeze,Temperature,T2,-1.06190419,35.25947677,1712.205078,81,90,,Black-backed Jackal,,,,1,,Grassland,,True
2/7/2024,07:50:21,Cloud <50%,Slight breeze,Temperature,T2,-1.06425185,35.2667158,1729.03125,53,90,,Impala,9,,,9,,Grassland,,
2/7/2024,08:04:34,Cloud <50%,Slight breeze,Temperature,T2,-1.07288232,35.27907069,1708.826172,94,90,,Giraffe,,1,,1,,Open shrub,,True
2/7/2024,08:07:26,Cloud <50%,Slight breeze,Temperature,T2,-1.07597927,35.28165714,1714.319824,278,90,,Impala,1,35,,36,,Grassland,,
2/7/2024,08:09:17,Cloud <50%,Slight breeze,Temperature,T2,-1.07801409,35.28209567,1726.87793,59,90,,Thomson's Gazelle,,1,,1,,Grassland,,
2/7/2024,08:10:29,Cloud <50%,Slight breeze,Temperature,T2,-1.07886939,35.2821182,1723.542969,29,90,,Wildebeest,1,,,1,,Grassland,,
2/7/2024,08:11:17,Cloud <50%,Slight breeze,Temperature,T2,-1.0788467,35.28216509,1791.696777,234,90,,Impala,1,4,,5,,Grassland,,
2/7/2024,08:12:12,Cloud <50%,Slight breeze,Temperature,T2,-1.07892977,35.28208749,1771.406006,111,90,,Thomson's Gazelle,2,1,,3,,Grassland,,
2/7/2024,08:13:54,Cloud <50%,Slight breeze,Temperature,T2,-1.07960097,35.28200697,1774.912109,123,90,,Thomson's Gazelle,2,,,2,,Open shrub,,
2/7/2024,08:15:04,Cloud <50%,Slight breeze,Temperature,T2,-1.07964098,35.2820491,1773.920898,57,90,,Wildebeest,,15,2,17,,Grassland,,
2/7/2024,08:16:00,Cloud <50%,Slight breeze,Temperature,T2,-1.0797074,35.2820751,1775.778564,171,90,,Zebra,,,,8,,Grassland,,
2/7/2024,08:18:11,Cloud <50%,Slight breeze,Temperature,T2,-1.08074015,35.28175255,1773.962402,52,90,,Black-backed Jackal,,,,1,,Open shrub,,
2/7/2024,08:19:16,Cloud <50%,Slight breeze,Temperature,T2,-1.08098705,35.2811102,1757.232666,94,90,,Impala,6,,,6,,Open shrub,,
2/7/2024,08:19:54,Cloud <50%,Slight breeze,Temperature,T2,-1.08083454,35.28154601,1828.541016,90,90,,Warthog,1,,,1,,Open shrub,True,
2/7/2024,08:21:22,Cloud <50%,Slight breeze,Temperature,T2,-1.08174177,35.28006831,1796.152344,0,0,,Impala,10,,,10,,Open shrub,True,
2/7/2024,08:29:16,Cloud <50%,Slight breeze,Temperature,T2,-1.09028376,35.27153236,1828.243652,10,90,,Giraffe,1,,,1,,Dense shrub,True,
2/7/2024,08:30:40,Cloud <50%,Slight breeze,Temperature,T2,-1.09097911,35.27104878,1829.6875,73,90,,Impala,3,,,3,,Open shrub,True,
2/7/2024,08:32:33,Cloud <50%,Slight breeze,Temperature,T2,-1.09151513,35.26988025,1825.378418,205,90,,Giraffe,1,,,1,,Dense shrub,True,
2/7/2024,08:34:55,Cloud <50%,Slight breeze,Temperature,T2,-1.09289108,35.26805725,1841.042236,12,90,Impala,,1,,,1,,Open shrub,True,
2/7/2024,08:35:59,Cloud <50%,Slight breeze,Temperature,T2,-1.09293688,35.26822001,1788.135986,22,90,,Giraffe,,1,1,2,,Open shrub,True,
2/7/2024,08:42:29,Cloud <50%,Slight breeze,Temperature,T2,-1.08424457,35.26794493,1780.838623,20,90,Impala,,1,7,4,12,,Dense shrub,,True
2/7/2024,08:49:53,Cloud <50%,Slight breeze,Temperature,T2,-1.07411212,35.26169219,1730.543457,459,90,,Zebra,,,,1,,Grassland,,
2/7/2024,08:51:16,Cloud <50%,Slight breeze,Temperature,T2,-1.07396631,35.2617257,1748.739014,135,90,,Hippopotamous,,,,6,,Wetland,,
2/7/2024,08:53:47,Cloud <50%,Slight breeze,Temperature,T2,-1.07227402,35.25896623,1728.981934,101,90,,Warthog,1,,,1,,Grassland,,
2/7/2024,08:54:52,Cloud <50%,Slight breeze,Temperature,T2,-1.07234913,35.25890414,1733.578613,218,90,,Elephant,1,,,1,,Wetland,,
2/7/2024,08:57:00,Cloud <50%,Slight breeze,Temperature,T2,-1.07216031,35.25810489,1695.126465,,,,,,,,,11.94,,,
1/17/2024,07:54:53,Overcast,Still,Temperature,T5,-1.06801675,35.24570285,1671.896973,,,,,,,,,,,,
1/17/2024,08:05:41,Overcast,Still,Temperature,T5,-1.07109672,35.25482743,1667.21875,0,0,Impala,,10,,,10,,Open shrub,,
1/17/2024,08:07:48,Overcast,Still,Temperature,T5,-1.07199743,35.25518057,1700.446045,30,90,Warthog,,2,4,,6,,Grassland,,True
1/17/2024,08:10:05,Overcast,Still,Temperature,T5,-1.07264598,35.25647852,1675.725098,21,90,Thomson's Gazelle,,1,5,,6,,Grassland,,
1/17/2024,08:10:48,Overcast,Still,Temperature,T5,-1.07265633,35.25646479,1689.546387,19,90,,Bat-eared Fox,,1,3,4,,Grassland,,
1/17/2024,08:12:08,Overcast,Still,Temperature,T5,-1.07256024,35.25671151,1689.292969,10,90,Wildebeest,,1,,,1,,Grassland,,
1/17/2024,08:12:44,Overcast,Still,Temperature,T5,-1.07255571,35.25663561,1718.542969,28,90,Warthog,,,1,,1,,Grassland,,
1/17/2024,08:13:29,Overcast,Still,Temperature,T5,-1.07255641,35.25664301,1722.439453,231,90,,Kirk's Dik-dik,1,1,,2,,Dense shrub,,
1/17/2024,08:16:14,Overcast,Still,Temperature,T5,-1.07221624,35.25812779,1687.076904,66,90,Thomson's Gazelle,,,1,,1,,Wetland,,
1/17/2024,08:18:36,Overcast,Still,Temperature,T5,-1.07199189,35.2583646,1709.921875,237,90,Impala,,4,,,4,,Open shrub,,
1/17/2024,08:21:12,Overcast,Still,Temperature,T5,-1.07143618,35.26019444,1715.609619,105,90,,Eland,,5,,5,,Open shrub,,
1/17/2024,08:22:17,Overcast,Still,Temperature,T5,-1.07147939,35.26019696,1718.451172,91,90,Zebra,,4,,1,12,,Grassland,,True
1/17/2024,08:24:52,Overcast,Still,Temperature,T5,-1.07081227,35.26249101,1709.858643,19,90,Impala,,1,,,1,,Open shrub,,
1/17/2024,08:26:22,Overcast,Still,Temperature,T5,-1.07097066,35.26369125,1718.554688,72,90,Warthog,,,1,3,4,,Grassland,,
1/17/2024,08:26:57,Overcast,Still,Temperature,T5,-1.0709737,35.26370115,1732.179443,91,90,Wildebeest,,1,,,1,,Open shrub,,
1/17/2024,08:27:34,Overcast,Still,Temperature,T5,-1.07110376,35.26386553,1752.239502,0,90,Impala,,5,,,5,,Grassland,,True
1/17/2024,08:32:21,Overcast,Still,Temperature,T5,-1.06700522,35.26450131,1717.148682,0,90,Warthog,,,,3,11,,Open shrub,,True
1/17/2024,08:36:02,Overcast,Still,Temperature,T5,-1.0656465,35.26460137,1713.489258,0,90,Zebra,,2,7,,9,,Dense shrub,,
1/17/2024,08:37:09,Overcast,Still,Temperature,T5,-1.06565345,35.26457333,1706.984863,119,90,Zebra,,2,6,2,9,,Wetland,,
1/17/2024,08:38:46,Overcast,Still,Temperature,T5,-1.06514319,35.26538203,1692.141113,70,90,Warthog,,1,5,2,8,,Open shrub,,True
1/17/2024,08:41:49,Overcast,Still,Temperature,T5,-1.0635615,35.26542435,1728.928223,115,90,Zebra,,1,7,3,11,,Open shrub,,
1/17/2024,08:42:19,Overcast,Still,Temperature,T5,-1.06357623,35.26543556,1744.02002,115,90,Wildebeest,,2,,,2,,Open shrub,,
1/17/2024,08:42:48,Overcast,Still,Temperature,T5,-1.06354149,35.2653952,1752.550293,115,90,Thomson's Gazelle,,2,,,2,,Open shrub,,
1/17/2024,08:43:20,Overcast,Still,Temperature,T5,-1.06355331,35.26536556,1738.223633,236,90,Impala,,,,,5,,Open shrub,,
1/17/2024,08:43:53,Overcast,Still,Temperature,T5,-1.0635398,35.2653774,1736.816895,115,90,Giraffe,,,1,,1,,Open shrub,,
1/17/2024,08:44:50,Overcast,Still,Temperature,T5,-1.06354294,35.2653891,1736.365234,,,,,,,,,4.1,,,
1/17/2024,08:52:24,Overcast,Still,Temperature,T4,-1.06090049,35.26141581,1727.685303,,,,,,,,,,,,
1/17/2024,08:55:08,Overcast,Still,Temperature,T4,-1.06244191,35.26178537,1698.140625,376,90,Zebra,,,,,11,,Open shrub,,
1/17/2024,08:55:37,Overcast,Still,Temperature,T4,-1.06242077,35.26173057,1703.419922,376,90,Thomson's Gazelle,,2,,,2,,Open shrub,,
1/17/2024,08:56:18,Overcast,Still,Temperature,T4,-1.06242255,35.2617292,1703.882324,376,90,Warthog,,,,2,8,,Open shrub,,
1/17/2024,08:56:55,Overcast,Still,Temperature,T4,-1.06242454,35.26172858,1709.624023,376,90,,Giraffe,,1,,1,,Open shrub,,
1/17/2024,09:02:02,Overcast,Still,Temperature,T4,-1.06974725,35.26085396,1704.559082,114,90,Warthog,,,,,4,,Open shrub,,
1/17/2024,09:05:42,Overcast,Still,Temperature,T4,-1.07072473,35.26053919,1729.569824,216,90,Impala,,,,1,7,,Open shrub,,
1/17/2024,09:09:23,Overcast,Still,Temperature,T4,-1.07208223,35.25794069,1718.628906,209,90,Zebra,,,,,6,,Open shrub,,
1/17/2024,09:11:13,Overcast,Still,Temperature,T4,-1.07316089,35.25697705,1711.769043,120,90,Impala,,,1,,1,,Open shrub,,
1/17/2024,09:11:40,Overcast,Still,Temperature,T4,-1.07328434,35.25698947,1709.427246,98,90,Wildebeest,,1,,,1,,Open shrub,,
1/17/2024,09:12:31,Overcast,Still,Temperature,T4,-1.07315862,35.25704677,1720.875977,55,90,,Bat-eared Fox,,,,2,,Grassland,,
1/17/2024,09:13:17,Overcast,Still,Temperature,T4,-1.07315078,35.25695063,1716.070557,219,90,Impala,,3,,,3,,Wetland,,
1/17/2024,09:14:13,Overcast,Still,Temperature,T4,-1.07355402,35.25662541,1723.744629,77,90,Warthog,,,,,2,,Grassland,,
1/17/2024,09:14:43,Overcast,Still,Temperature,T4,-1.07354391,35.25657854,1729.476074,77,90,Thomson's Gazelle,,1,4,,5,,Grassland,,
1/17/2024,09:17:00,Overcast,Still,Temperature,T4,-1.07573065,35.25492808,1739.625488,252,90,Thomson's Gazelle,,,2,,2,,Grassland,,
1/17/2024,09:17:30,Overcast,Still,Temperature,T4,-1.0757285,35.25500761,1724.08252,105,90,,Bat-eared Fox,,,,3,,Open shrub,,
1/17/2024,09:18:15,Overcast,Still,Temperature,T4,-1.07573918,35.25498981,1731.477783,116,90,Impala,,,,,2,,Open shrub,,
1/17/2024,09:20:16,Overcast,Still,Temperature,T4,-1.07728979,35.2543444,1738.23291,40,90,Zebra,,,,,8,,Grassland,,True
1/17/2024,09:21:23,Overcast,Still,Temperature,T4,-1.07769442,35.25421615,1721.199707,70,90,,Olive Baboon,,2,,2,,Open shrub,,
1/17/2024,09:23:41,Overcast,Still,Temperature,T4,-1.07917978,35.25362886,1740.605957,117,90,Wildebeest,,,,8,40,,Grassland,,
1/17/2024,09:24:37,Overcast,Still,Temperature,T4,-1.07941641,35.25336148,1736.116699,37,90,Zebra,,1,3,,4,,Grassland,,
1/17/2024,09:26:14,Overcast,Still,Temperature,T4,-1.07998248,35.25321063,1728.083496,324,90,Eland,,,,,10,,Grassland,,
1/17/2024,09:26:41,Overcast,Still,Temperature,T4,-1.07995677,35.25324785,1743.95752,324,90,Zebra,,,,,11,,Grassland,,
1/17/2024,09:27:16,Overcast,Still,Temperature,T4,-1.07999698,35.25319523,1735.317871,324,90,Thomson's Gazelle,,2,,,2,,Grassland,,
1/17/2024,09:27:43,Overcast,Still,Temperature,T4,-1.08006423,35.25316548,1735.738525,324,90,Warthog,,1,,,1,,Grassland,,
1/17/2024,09:28:12,Overcast,Still,Temperature,T4,-1.08010507,35.25315369,1735.419922,324,90,Wildebeest,,1,,,1,,Grassland,,
1/17/2024,09:30:35,Overcast,Still,Temperature,T4,-1.08196478,35.25219342,1729.813477,143,90,,Grant's Gazelle,,2,,2,,Grassland,,
1/17/2024,09:31:08,Overcast,Still,Temperature,T4,-1.08199312,35.25218087,1733.16333,143,90,Thomson's Gazelle,,,8,,8,,Grassland,,
1/17/2024,09:34:02,Overcast,Still,Temperature,T4,-1.08520135,35.25172682,1725.522949,22,90,Impala,,4,,,4,,Open shrub,,
4/26/2024,07:27:22,Overcast,Still,19,T2,-1.0666534,35.23719466,1670.172852,,,,,,,,,,,,
45408,07:32:18,Overcast,Still,19,T2,-1.0685659,35.24353482,1722.407715,12,90,,Bushbuck,,1,,1,,Open shrub,,
45408,07:33:52,Overcast,Still,19,T2,-1.06828917,35.24343208,1670.317871,13,90,,Waterbuck,,6,,6,,Wetland,,
45408,07:40:01,Overcast,Still,19,T2,-1.06514789,35.2515488,1704.162598,2,90,,Waterbuck,,,1,1,,Wetland,,
45408,07:42:10,Overcast,Still,19,T2,-1.06363745,35.25280959,1695.621582,5,90,Warthog,,1,,,1,,Open shrub,,
45408,07:42:52,Overcast,Still,19,T2,-1.06354952,35.25291169,1700.245605,15,90,Impala,,,,,6,,Open shrub,,
45408,07:43:33,Overcast,Still,19,T2,-1.06326054,35.25401409,1706.431641,25,90,Wildebeest,,1,,,1,,Open shrub,,
45408,07:44:21,Overcast,Still,19,T2,-1.06317131,35.25412937,1702.742676,0,0,Warthog,,,3,,3,,Open shrub,,
45408,07:46:17,Overcast,Still,19,T2,-1.06264106,35.2559373,1704.654785,12,90,Warthog,,1,1,3,6,,Open shrub,,
45408,07:49:03,Overcast,Still,19,T2,-1.0620841,35.26080437,1718.987305,26,90,Wildebeest,,1,,,1,,Grassland,,
45408,07:50:22,Overcast,Still,19,T2,-1.06221068,35.2617568,1700.111816,56,90,Warthog,,,,,4,,Open shrub,,
45408,07:51:47,Overcast,Still,19,T2,-1.06248925,35.26237911,1719.722412,170,90,Impala,,4,,,4,,Open shrub,,
45408,07:54:18,Overcast,Still,19,T2,-1.06359338,35.26591978,1713.634277,104,90,Warthog,,,4,3,7,,Open shrub,,
45408,07:56:54,Overcast,Still,19,T2,-1.06534331,35.26875832,1728.19751,35,90,Warthog,,,4,,4,,Open shrub,,
45408,08:07:46,Overcast,Still,19,T2,-1.07865862,35.28217503,1737.831787,23,90,Thomson's Gazelle,,1,2,,3,,Open shrub,,
45408,08:10:50,Overcast,Still,19,T2,-1.08026782,35.28232258,1725.304199,123,90,Warthog,,1,1,6,8,,Open shrub,,
45408,08:11:31,Overcast,Still,19,T2,-1.08031694,35.28231193,1745.157227,256,90,Eland,,1,,,1,,Open shrub,,
45408,08:13:29,Overcast,Still,19,T2,-1.08138837,35.28093839,1761.974121,56,90,Impala,,1,,,1,,Open shrub,,
45408,08:15:06,Overcast,Still,19,T2,-1.08181231,35.2802434,1761.777344,12,90,Zebra,,2,1,,3,,Open shrub,,
45408,08:17:29,Overcast,Still,19,T2,-1.08379304,35.27807216,1733.469482,23,90,Buffalo,,,,,45,,Dense shrub,,
45408,08:27:39,Overcast,Still,19,T2,-1.09217467,35.26678234,1845.211426,65,90,Giraffe,,,3,,3,,Open shrub,,
45408,08:29:51,Overcast,Still,19,T2,-1.08980026,35.26578134,1804.02002,0,0,,Dwarf Mongoose,,,,1,,Open shrub,,
45408,08:35:21,Overcast,Still,19,T2,-1.0807465,35.26654946,1780.650879,0,0,Olive Baboon,,13,13,10,36,,Open shrub,,
45408,08:41:01,Overcast,Still,19,T2,-1.07448623,35.2621624,1749.098145,0,0,,Hartebeest,2,,,2,,Open shrub,,
45408,08:42:30,Overcast,Still,19,T2,-1.07410683,35.26176303,1723.268066,182,90,,Hippopotamous,,,,12,,Wetland,,
45408,08:43:13,Overcast,Still,19,T2,-1.07411736,35.26178471,1741.967041,189,90,Impala,,2,10,,12,,Open shrub,,
45408,08:44:46,Overcast,Still,19,T2,-1.07364944,35.26110514,1759.331055,315,90,Warthog,,,,,3,,Open shrub,,
45408,08:47:28,Overcast,Still,19,T2,-1.07237299,35.25895755,1717.34082,89,90,Impala,,2,4,,7,,Open shrub,,
45408,08:50:33,Overcast,Still,19,T2,-1.0721677,35.25818448,1725.087891,,,,,,,,,11.9,,,
